%time,field.pose.pose.position.x,field.pose.pose.position.y
37934000000,-2.2948954868061425e-05,2.174668262666237e-05
37968000000,-2.295227826084722e-05,2.1766217394495144e-05
38001000000,-2.2955503920543165e-05,2.1785177652981368e-05
38034000000,-2.2958729593782097e-05,2.180413795347377e-05
38068000000,-2.2962053028862187e-05,2.1823672852462905e-05
38101000000,-2.296527872960256e-05,2.1842633238248383e-05
38134000000,-2.296850444388418e-05,2.186159366602618e-05
38168000000,-2.2971827921249025e-05,2.1881128696163114e-05
38201000000,-2.2975053663031212e-05,2.190008920921634e-05
38234000000,-2.2978279418356395e-05,2.191904976428265e-05
38268000000,-2.298160293800946e-05,2.1938584925547e-05
38301000000,-2.298482872083781e-05,2.1957545565888503e-05
38334000000,-2.2988054517211757e-05,2.197650624824519e-05
38368000000,-2.2991378079161712e-05,2.1996041540678413e-05
38401000000,-2.299460390303969e-05,2.2015002308345987e-05
38434000000,-2.299782974046413e-05,2.2033963118019416e-05
38468000000,-2.300115334470752e-05,2.20534985416127e-05
38501000000,-2.3004379209635994e-05,2.2072459436571e-05
38534000000,-2.3007605088104857e-05,2.209142037352412e-05
38568000000,-2.3010928734632997e-05,2.211095592826372e-05
38601000000,-2.301415464060416e-05,2.212991695051037e-05
38634000000,-2.301738056012352e-05,2.2148878014770893e-05
38668000000,-2.3020704248946817e-05,2.2168413700663707e-05
38701000000,-2.3023930195967612e-05,2.2187374850222764e-05
38734000000,-2.3027156156539205e-05,2.2206336041797006e-05
38768000000,-2.3030479887654196e-05,2.22258718588299e-05
38801000000,-2.3033705875723752e-05,2.224483313567074e-05
38834000000,-2.3036931877337165e-05,2.226379445451105e-05
38868000000,-2.3040255650745575e-05,2.228333040271276e-05
38901000000,-2.304348167986303e-05,2.230229180685481e-05
38934000000,-2.3046707722534747e-05,2.232125325301892e-05
38968000000,-2.3050031538237453e-05,2.2340789332400812e-05
39001000000,-2.3053257608408005e-05,2.235975086382966e-05
39034000000,-2.305648369212241e-05,2.237871243727698e-05
39068000000,-2.305980755012201e-05,2.2398248647802405e-05
39101000000,-2.3063033661343928e-05,2.2417210306543528e-05
39134000000,-2.3066259786114037e-05,2.2436172007304047e-05
39168000000,-2.30695836864088e-05,2.245570834900232e-05
39201000000,-2.307280983868034e-05,2.247467013504222e-05
39234000000,-2.307603600450181e-05,2.2493631963104693e-05
39268000000,-2.307935994709173e-05,2.251316843594369e-05
39301000000,-2.3082586140415508e-05,2.2532130349296e-05
39334000000,-2.3085812347287477e-05,2.255109230465201e-05
39368000000,-2.3089136332176023e-05,2.257062890866823e-05
39401000000,-2.3092362566555506e-05,2.2589590949328904e-05
39434000000,-2.30955888144797e-05,2.2608553031993173e-05
39468000000,-2.3098912841662544e-05,2.262808976716609e-05
39501000000,-2.310213911709512e-05,2.264705193512865e-05
39534000000,-2.310536540607241e-05,2.266601414510634e-05
39568000000,-2.3108689475551288e-05,2.2685551011444697e-05
39601000000,-2.3111915792035222e-05,2.270451330671841e-05
39634000000,-2.3115142122067354e-05,2.272347564400424e-05
39668000000,-2.3118466233845725e-05,2.274301264150061e-05
39701000000,-2.312169259138363e-05,2.276197506405996e-05
39734000000,-2.312491896246799e-05,2.278093752863686e-05
39768000000,-2.312824311654065e-05,2.2800474657285683e-05
39801000000,-2.3131469515135124e-05,2.2819437207178257e-05
39834000000,-2.313469592727432e-05,2.2838399799072985e-05
39868000000,-2.3138020123654283e-05,2.285793705890763e-05
39901000000,-2.3141246563300983e-05,2.287689973609381e-05
39934000000,-2.3144473016500217e-05,2.289586245529312e-05
39968000000,-2.314779725517621e-05,2.291539984629217e-05
40001000000,-2.315102373587861e-05,2.293436265078664e-05
40034000000,-2.3154250230133545e-05,2.2953325497294444e-05
40068000000,-2.315757451111164e-05,2.297286301945573e-05
40101000000,-2.3160801032878417e-05,2.2991825951278384e-05
40134000000,-2.316402756818471e-05,2.3010788925104185e-05
40168000000,-2.316735189146317e-05,2.3030326578451925e-05
40201000000,-2.317057845428218e-05,2.3049289637579256e-05
40234000000,-2.317380503065198e-05,2.3068252738717717e-05
40268000000,-2.3177129396229068e-05,2.3087790523223783e-05
40301000000,-2.318035600010985e-05,2.3106753709672557e-05
40334000000,-2.3183582617537956e-05,2.3125716938140013e-05
40368000000,-2.3186907025419742e-05,2.3145254853818692e-05
40401000000,-2.3190133670359693e-05,2.316421816759865e-05
40434000000,-2.3193360328845232e-05,2.3183181523370413e-05
40468000000,-2.3196684779031723e-05,2.3202719570235807e-05
40501000000,-2.319991146502911e-05,2.322168301129824e-05
40534000000,-2.3203138164572083e-05,2.3240646494383626e-05
40568000000,-2.3206462657060677e-05,2.3260184672413698e-05
40601000000,-2.3209689384114628e-05,2.32791482408068e-05
40634000000,-2.321291612472111e-05,2.3298111851225628e-05
40668000000,-2.32162406595118e-05,2.331765016043006e-05
40701000000,-2.3219467427626657e-05,2.3336613856129707e-05
40734000000,-2.3222694209290573e-05,2.335557759384986e-05
40768000000,-2.3226018786392903e-05,2.3375116034248394e-05
40801000000,-2.32292455955704e-05,2.339407985727425e-05
40834000000,-2.323247241829956e-05,2.341304372231992e-05
40867000000,-2.3235797037705723e-05,2.343258229391145e-05
40901000000,-2.3239023887947595e-05,2.345154624427457e-05
40934000000,-2.324225075173332e-05,2.34705102366462e-05
40968000000,-2.3245575413444183e-05,2.349004893938627e-05
41001000000,-2.324880230474176e-05,2.3509013017058827e-05
41034000000,-2.3252029209591855e-05,2.352797713673668e-05
41068000000,-2.325535391360656e-05,2.3547515970643107e-05
41101000000,-2.325858084596764e-05,2.3566480175642687e-05
41134000000,-2.326180779188558e-05,2.3585444422681936e-05
41168000000,-2.326513253821365e-05,2.3604983387795155e-05
41201000000,-2.326835951163911e-05,2.362394772009565e-05
41234000000,-2.327158649861362e-05,2.364291209443069e-05
41267000000,-2.32749112872464e-05,2.366245119071032e-05
41301000000,-2.3278138301736223e-05,2.368141565035143e-05
41334000000,-2.328136532977164e-05,2.3700380151995264e-05
41368000000,-2.328469016071085e-05,2.371991937945933e-05
41401000000,-2.3287917216264185e-05,2.373888396643188e-05
41434000000,-2.3291144285368312e-05,2.375784859542678e-05
41468000000,-2.3294469158615692e-05,2.377738795406472e-05
41501000000,-2.329769625522993e-05,2.379635266835243e-05
41534000000,-2.3300923365395836e-05,2.381531742464444e-05
41568000000,-2.330424828095399e-05,2.3834856914485837e-05
41601000000,-2.3307475418635204e-05,2.3853821756104065e-05
41634000000,-2.331070256986721e-05,2.3872786639746626e-05
41668000000,-2.331402752773441e-05,2.3892326260753542e-05
41701000000,-2.33172547064826e-05,2.3911291229694547e-05
41734000000,-2.332048189877898e-05,2.3930256240667905e-05
41768000000,-2.3323806898961283e-05,2.394979599288744e-05
41801000000,-2.332703411877298e-05,2.3968761089154216e-05
41834000000,-2.333026135213894e-05,2.3987726227446e-05
41868000000,-2.3333586394632885e-05,2.40072661108596e-05
41901000000,-2.333681365551329e-05,2.4026231334450585e-05
41934000000,-2.3340040929944496e-05,2.4045196600067163e-05
41968000000,-2.334336601474661e-05,2.406473661466199e-05
42001000000,-2.334659331669313e-05,2.4083701965595392e-05
42034000000,-2.3349820632194776e-05,2.4102667358545515e-05
42068000000,-2.335314575930593e-05,2.412220750432132e-05
42101000000,-2.335637310232116e-05,2.4141172982576933e-05
42134000000,-2.335960045888718e-05,2.416013850284882e-05
42168000000,-2.3362925628313443e-05,2.417967877981201e-05
42201000000,-2.336615301239825e-05,2.4198644385421227e-05
42234000000,-2.3369380410038183e-05,2.4217610033051436e-05
42268000000,-2.337270562177956e-05,2.423715044121637e-05
42301000000,-2.337593304693308e-05,2.4256116174133057e-05
42334000000,-2.3379160485634785e-05,2.427508194905428e-05
42368000000,-2.3382485739691268e-05,2.429462248839469e-05
42401000000,-2.338571320591263e-05,2.4313588348647083e-05
42434000000,-2.338894068568565e-05,2.4332554250907655e-05
42468000000,-2.339226598205551e-05,2.4352094921452148e-05
42501000000,-2.3395493489348183e-05,2.437106090905487e-05
42534000000,-2.339872101019425e-05,2.4390026938673357e-05
42568000000,-2.3402046348874016e-05,2.440956774040492e-05
42601000000,-2.340527389723887e-05,2.4428533855337955e-05
42634000000,-2.3408501459157988e-05,2.4447500012283685e-05
42668000000,-2.3411826840158065e-05,2.4467040945224e-05
42701000000,-2.3415054429594236e-05,2.448600718750168e-05
42734000000,-2.341828203258033e-05,2.450497347178508e-05
42768000000,-2.3421607455894645e-05,2.452451453589686e-05
42801000000,-2.342483508640126e-05,2.454348090550444e-05
42834000000,-2.3428062730465604e-05,2.4562447317148725e-05
42868000000,-2.3431388196098503e-05,2.45819885124836e-05
42901000000,-2.3434615867673828e-05,2.460095500940985e-05
42934000000,-2.3437843552808615e-05,2.4619921548392175e-05
42968000000,-2.3441169060762695e-05,2.463946287492125e-05
43001000000,-2.3444396773415407e-05,2.4658429499204912e-05
43034000000,-2.3447624499626715e-05,2.4677396165523703e-05
43068000000,-2.345095004989504e-05,2.4696937623239103e-05
43101000000,-2.3454177803620795e-05,2.4715904374864828e-05
43134000000,-2.345740557090168e-05,2.4734871168510564e-05
43168000000,-2.346073116348945e-05,2.475441275744104e-05
43201000000,-2.346395895829259e-05,2.47733796364207e-05
43234000000,-2.3467186766649127e-05,2.4792346557417708e-05
43268000000,-2.3470512401556343e-05,2.481188827754726e-05
43301000000,-2.3473740237436e-05,2.4830855283878295e-05
43334000000,-2.347696808686732e-05,2.4849822332214054e-05
43368000000,-2.3480293764096584e-05,2.4869364183541995e-05
43401000000,-2.348352164104409e-05,2.4888331317191943e-05
43434000000,-2.3486749531547585e-05,2.4907298492867248e-05
43468000000,-2.3490075251097163e-05,2.4926840475418383e-05
43501000000,-2.349330316912465e-05,2.4945807736424424e-05
43534000000,-2.349653110070727e-05,2.496477503943921e-05
43568000000,-2.349985686257803e-05,2.49843171531691e-05
43601000000,-2.3503084821681168e-05,2.5003284541512132e-05
43634000000,-2.350631279433857e-05,2.5022251971874974e-05
43668000000,-2.350963859853398e-05,2.5041794216828696e-05
43701000000,-2.351286659871624e-05,2.5060761732546028e-05
43734000000,-2.351609461245276e-05,2.5079729290263577e-05
43768000000,-2.351942045896501e-05,2.509927166641842e-05
43801000000,-2.352264850022205e-05,2.5118239309466556e-05
43834000000,-2.352587655504289e-05,2.513720699454309e-05
43868000000,-2.3529202443880667e-05,2.515674950189768e-05
43901000000,-2.353243052621509e-05,2.5175717272294215e-05
43934000000,-2.3535658622112453e-05,2.5194685084719717e-05
43968000000,-2.353898455327488e-05,2.5214227723294173e-05
44001000000,-2.3542212676689288e-05,2.52331956210251e-05
44034000000,-2.3545440813660563e-05,2.525216356079106e-05
44068000000,-2.354876678714157e-05,2.5271706330564877e-05
44101000000,-2.355199495164117e-05,2.5290674355681224e-05
44134000000,-2.3555223129691563e-05,2.530964242279849e-05
44168000000,-2.3558549145498084e-05,2.5329185323784e-05
44201000000,-2.356177735107854e-05,2.534815347624318e-05
44234000000,-2.3565005570211524e-05,2.5367121670720336e-05
44268000000,-2.3568331628346165e-05,2.538666470293488e-05
44301000000,-2.357155987499967e-05,2.540563298272771e-05
44334000000,-2.357478813521264e-05,2.5424601304569886e-05
44368000000,-2.35781142356754e-05,2.544414446800437e-05
44401000000,-2.358134252341496e-05,2.546311287517576e-05
44434000000,-2.358457082470792e-05,2.54820813243596e-05
44468000000,-0.0001086819836372,2.299044283758101e-05
44501000000,-0.0003216204777691,1.3184856780052952e-05
44534000000,-0.0006605701916521,-1.2524671301801667e-05
44568000000,-0.0010311314164768,-5.558917502556716e-05
44601000000,-0.0013882008018662,-0.0001119553192205
44634000000,-0.0017427990182598,-0.0001826674054378
44668000000,-0.0020739168272385,-0.0002620058280557
44701000000,-0.0023724778156531,-0.0003451545236187
44734000000,-0.0026676441356118,-0.0004384137816945
44768000000,-0.0029404820130433,-0.0005344833055538
44801000000,-0.0031833380750947,-0.0006285291635439
44834000000,-0.0034231651077524,-0.0007294453017262
44868000000,-0.0036446940772429,-0.0008298640903658
44901000000,-0.0038412551512018,-0.0009251926566551
44934000000,-0.0040349849683817,-0.001024970242314
44968000000,-0.0042126302887405,-0.0011212712489613
45001000000,-0.0043714938979444,-0.0012118726823954
45034000000,-0.0045277413358738,-0.0013051507657128
45068000000,-0.0046739766088653,-0.001395827032214
45101000000,-0.0048021807837012,-0.0014788171429615
45134000000,-0.004927848550441,-0.0015631713052854
45168000000,-0.0050133172505422,-0.0016215214636662
45201000000,-0.0050473847546135,-0.0016257021034916
45234000000,-0.0050135944464002,-0.0015754484595828
45268000000,-0.0048270748938207,-0.0014287528353926
45301000000,-0.0044166433748633,-0.0011178163624568
45334000000,-0.0036962004392583,-0.0005690946257555
45368000000,-0.0025854333028782,0.0002929460283266
45401000000,-0.001065980794105,0.0015075368877995
45434000000,0.0009519795526489,0.0031786523050231
45468000000,0.0035835002056499,0.0054488157770523
45501000000,0.0066528999637885,0.0082010586025592
45534000000,0.0101614546141841,0.0114516579219444
45568000000,0.0141244983568246,0.0152115273942688
45601000000,0.018219068895079,0.0191382362975777
45634000000,0.0225555114131916,0.0233038252329768
45668000000,0.0272388465874459,0.027819728465963
45701000000,0.0319710061854304,0.0324245047040367
45734000000,0.0369647854372765,0.0373872109877654
45768000000,0.0424576316729426,0.0430154941084916
45801000000,0.0481552008744239,0.0490683331825132
45834000000,0.054128749904631,0.0556352566129807
45868000000,0.0605395601673936,0.0628435787763125
45901000000,0.0670366105994419,0.0702096066095405
45934000000,0.0735518708365151,0.0776040134816899
45968000000,0.0802949169485756,0.0852584540165525
46001000000,0.086841377005927,0.0926862682298549
46034000000,0.0933768782663292,0.1001003440091045
46068000000,0.1001174418427453,0.107746119394405
46101000000,0.1066646252535616,0.1151700546330692
46134000000,0.1132139830365903,0.1225941392854979
46168000000,0.1199642575985494,0.1302435472665732
46201000000,0.1265179597737051,0.1376678242189605
46234000000,0.1330722938471035,0.1450905034069059
46268000000,0.1398114869616996,0.1527182021590332
46301000000,0.146367154932598,0.1601296203884693
46334000000,0.1529290123767469,0.1675445725583083
46368000000,0.1596841248687484,0.175176702044069
46401000000,0.1662331192537186,0.1825768595697726
46434000000,0.172793208159393,0.1899886881045883
46468000000,0.1795531192048742,0.1976252633138464
46501000000,0.186115846743725,0.2050380856862312
46534000000,0.1926801640740536,0.2124516304126296
46568000000,0.1994441389724116,0.220089434508625
46601000000,0.2060024165555309,0.2274939733348238
46634000000,0.2125572320655009,0.2348873240515253
46668000000,0.2193269028905218,0.2425192009829276
46701000000,0.2258957456150506,0.2499237700136188
46734000000,0.2324499503488696,0.2573126798724308
46768000000,0.2392166923382594,0.2649419598364725
46801000000,0.245784445186225,0.2723467374882659
46834000000,0.252353246348553,0.279752642056123
46868000000,0.2591224321559938,0.2873842550932263
46901000000,0.2656932676537918,0.2947919022435503
46934000000,0.2722624310618691,0.3021976198427694
46968000000,0.2790158112475935,0.3098065945475466
47001000000,0.2855903335768975,0.3172086677689999
47034000000,0.292165328336454,0.3246100293110736
47068000000,0.2989283670892196,0.3322242841660551
47101000000,0.3054952733584699,0.3396196144899364
47134000000,0.3120664973070415,0.3470200805816438
47168000000,0.3188378299964749,0.3546462321000457
47201000000,0.3254110910329728,0.3620494806724449
47234000000,0.3319851502213881,0.3694537377645255
47268000000,0.3387581894527523,0.3770821549292383
47301000000,0.3453197584647864,0.3844713147988463
47334000000,0.3518899071734096,0.3918636298785631
47368000000,0.3586669862250189,0.3994871728037193
47401000000,0.3652403183992656,0.4068822366048393
47434000000,0.3718024090391309,0.4142667067739429
47468000000,0.3785758330448232,0.4218899450532588
47501000000,0.3851496812319772,0.429289233275355
47534000000,0.3917243415794105,0.4366900361239835
47568000000,0.3984992176812021,0.4443166528742093
47601000000,0.4050750289133251,0.4517193828944743
47634000000,0.4116457790976028,0.4591169042661255
47668000000,0.4184068366444283,0.4667229465994465
47701000000,0.4249867707015211,0.4741221348899778
47734000000,0.4315648086742708,0.4815189655592074
47768000000,0.4383272854809025,0.4891250624217779
47801000000,0.4449019691920635,0.4965218573249754
47834000000,0.4514768420551815,0.5039195293846414
47868000000,0.4582516738597335,0.5115429121800471
47901000000,0.4648281898313561,0.5189436304575646
47934000000,0.4714051257313691,0.5263452728193698
47968000000,0.4781799240874585,0.5339702481661213
48001000000,0.4847403409113754,0.541351151615749
48034000000,0.4913183720201143,0.5487466176612017
48068000000,0.4980975627874465,0.5563676029732347
48101000000,0.5046679179698382,0.5637555235849723
48134000000,0.511236790869499,0.5711443020788167
48168000000,0.5180110701669429,0.5787648859305886
48201000000,0.524586812591129,0.5861629290787664
48234000000,0.5311633595058606,0.5935625881833863
48268000000,0.5379399529384382,0.6011879254601992
48301000000,0.5445169984070245,0.6085891008423334
48334000000,0.5510837156182607,0.6159785774724253
48368000000,0.5578533054524163,0.6235900096695496
48401000000,0.5644337187945615,0.6309870536808675
48434000000,0.5710110245667094,0.6383811922816998
48468000000,0.577773899454383,0.6459860744793754
48501000000,0.5843506553291066,0.6533832127627432
48534000000,0.5909264982868204,0.6607802519234955
48568000000,0.5977024478039397,0.6684032110769808
48601000000,0.60427995752824,0.6758034978791814
48634000000,0.6108576170325234,0.6832044585441049
48668000000,0.6176306072936436,0.6908260135134164
48701000000,0.6241924419681378,0.6982051284314905
48734000000,0.6307737946329488,0.7056027117281822
48768000000,0.6375528423136135,0.71322247013456
48801000000,0.6441182591289084,0.720604309786129
48834000000,0.6506916811396943,0.7279975415219163
48868000000,0.6574667224744841,0.7356183163991477
48901000000,0.6640430858776426,0.7430163934717039
48934000000,0.670620301481636,0.7504160946377646
48968000000,0.6773973524800816,0.7580412197979146
49001000000,0.6839740757901948,0.7654416271510354
49034000000,0.6905362701533523,0.772823850296377
49068000000,0.6973124368189666,0.780440973820408
49101000000,0.703893123020855,0.7878375003403774
49134000000,0.7104668560515728,0.7952273420555293
49168000000,0.7172334383979223,0.8028366065931334
49201000000,0.7238093026420103,0.8102324717908949
49234000000,0.7303855112245129,0.8176297133452758
49268000000,0.7371618891083431,0.8252529382155523
49301000000,0.7437396866759347,0.8326533507509826
49334000000,0.7503173601384975,0.8400540735531697
49368000000,0.7570855220870871,0.8476694891937333
49401000000,0.7636538364947005,0.8550540455342952
49434000000,0.7702349423136353,0.8624510087745234
49468000000,0.7770126006997347,0.8700694585330614
49501000000,0.7835756685990978,0.8774490271894462
49534000000,0.7901520776133863,0.8848455229533799
49568000000,0.79692737920204,0.8924665457575673
49601000000,0.8035041091914479,0.8998649493321229
49634000000,0.8100816808375669,0.9072649250528816
49668000000,0.8168588452379371,0.9148900131805872
49701000000,0.8234339450559718,0.9222886066134992
49734000000,0.8299948608744451,0.9296672140134834
49768000000,0.8367751562930669,0.93728830860225
49801000000,0.8433554218330768,0.9446841913688524
49834000000,0.8499234409610482,0.9520681092615986
49867000000,0.8566950425200389,0.9596833142232292
49901000000,0.8632709736620537,0.9670793530647084
49934000000,0.86984740534498,0.9744769408165792
49968000000,0.8766240730903618,0.9821005624456148
50001000000,0.8832019691764437,0.9895011497023086
50034000000,0.8897791869165457,0.9969016124692012
50068000000,0.8965420966664588,1.0045099208743005
50101000000,0.903117295262441,1.0119011140283325
50134000000,0.9096981425615088,1.01929763067747
50168000000,0.916472620836048,1.0269129053350845
50201000000,0.9230380456666438,1.034295947204484
50234000000,0.9296142860105734,1.041692336284732
50268000000,0.9363897515534207,1.049313724398974
50301000000,0.9429667246776036,1.0567125504693604
50334000000,0.9495444435645162,1.064112840034945
50368000000,0.95632150533208,1.0717378917250673
50401000000,0.9628926157450473,1.0791318296166803
50434000000,0.9694578312499816,1.0865135005518196
50468000000,0.9762386209750982,1.094135051490537
50501000000,0.9828177706527468,1.101530187935463
50534000000,0.989381484512304,1.1089099753229257
50568000000,0.9961566601547092,1.1165296365418187
50601000000,1.002732684129116,1.1239262041457303
50634000000,1.0093092207560637,1.1313243194890616
50668000000,1.0160860073358922,1.1389484610509424
50701000000,1.0226637959609437,1.1463492734540537
50734000000,1.0292397057052338,1.153748828474311
50768000000,1.035999629978785,1.161352158460246
50801000000,1.0425795820126131,1.1687482833237144
50834000000,1.049160104408353,1.176144485145955
50868000000,1.0559294248848436,1.183754682007046
50901000000,1.0625001779892358,1.1911442441016784
50934000000,1.0690757913044526,1.1985401511378695
50968000000,1.075851433260845,1.2061619512113442
51001000000,1.0824286380406796,1.2135612152048567
51034000000,1.0890064249251294,1.2209617593108009
51068000000,1.0957831086176515,1.2285866654166289
51101000000,1.1023485546550624,1.2359734075225028
51134000000,1.1089210825619178,1.2433620477217897
51168000000,1.1157011934733274,1.2509827753812088
51201000000,1.122278001084616,1.2583759752763517
51234000000,1.1288419130510396,1.2657569354693614
51268000000,1.1356180345188371,1.2733779837279535
51301000000,1.142194074676126,1.2807749706211942
51334000000,1.1487707692689075,1.2881736089448277
51368000000,1.1555476456370974,1.2957981817382695
51401000000,1.1621252894794154,1.3031990885787954
51434000000,1.1686981617048782,1.3105954388475358
51468000000,1.1754603153224918,1.3181994577218803
51501000000,1.1820417580503202,1.325597230935085
51534000000,1.1886214380939055,1.3329928906263755
51568000000,1.1953859174389403,1.3405983159054866
51601000000,1.2019608073350547,1.347992852816472
51634000000,1.2085367206569642,1.3553893795501426
51668000000,1.2153125316742286,1.363011654057376
51701000000,1.221889932335784,1.3704113742583397
51734000000,1.228467703665516,1.3778121204645577
51768000000,1.235243428534203,1.3854364021589924
51801000000,1.241804775190209,1.3928170096301649
51834000000,1.2483830287055036,1.4002113913604883
51868000000,1.255162939612781,1.4078318818838451
51901000000,1.2617351984208884,1.415220594975518
51934000000,1.2683033720317534,1.42260740069063
51968000000,1.2750781925424135,1.430227526576615
52001000000,1.2816543028230516,1.437625063163851
52034000000,1.2882311558340198,1.44502425694101
52068000000,1.295008049057357,1.452649195586956
52101000000,1.301585387507729,1.4600500605261448
52134000000,1.3081528383276495,1.467439932549913
52168000000,1.314921945211554,1.4750504433008722
52201000000,1.3215026124836549,1.4824473800464837
52234000000,1.3280806480539271,1.4898418528087607
52268000000,1.334843270767078,1.4974459908398703
52301000000,1.34142016803528,1.50484304333086
52334000000,1.3479960602224428,1.5122399163976077
52368000000,1.3547720186136771,1.5198627154595472
52401000000,1.3613495219703948,1.527262879310158
52434000000,1.367927172554347,1.5346637711167523
52468000000,1.3747004483166358,1.5422856696939264
52501000000,1.3812618995880876,1.549664555471924
52534000000,1.387843095615029,1.5570620498560408
52568000000,1.3946223114596843,1.5646819982914568
52601000000,1.401188742729704,1.5720649651376166
52634000000,1.4077612383542846,1.5794572412879075
52668000000,1.4145361135342052,1.587077957417543
52701000000,1.4211123233226683,1.5944760305599286
52734000000,1.4276893615804591,1.6018757490731748
52768000000,1.4344662390230694,1.6095009425311224
52801000000,1.44104287513889,1.616901517435858
52834000000,1.4476052003744075,1.6242844059104409
52868000000,1.454380705347997,1.631901231222905
52901000000,1.460961264539909,1.639298013680793
52934000000,1.4675359572192552,1.646689231684433
52968000000,1.4743012085613312,1.6542972559361877
53001000000,1.4808771034360722,1.661693525778048
53034000000,1.487453061581976,1.6690908786724457
53068000000,1.494229161980777,1.6767142212238284
53101000000,1.5008066942459186,1.6841147726393644
53134000000,1.5073841239382488,1.691515680231352
53168000000,1.5141525246062788,1.6991319354200192
53201000000,1.5207198145757392,1.7065159606147011
53234000000,1.5273007852464944,1.713913287236009
53268000000,1.5340786599558034,1.721532368477258
53301000000,1.5406416747851597,1.7289122239195778
53334000000,1.5472176446297587,1.7363086913403825
53368000000,1.5539926822908512,1.743929880907694
53401000000,1.5605691169296392,1.751328423965986
53434000000,1.5671463892972397,1.7587285549027374
53468000000,1.5739232592789514,1.7663538412923594
53501000000,1.580498300120897,1.7737528974109138
53534000000,1.5870587981298998,1.7811318097172038
53568000000,1.593838618597127,1.7887529903021608
53601000000,1.6004187585696217,1.7961492687144915
53634000000,1.6069878577781598,1.8035348378893896
53668000000,1.6137583451770994,1.811149266311503
53701000000,1.620333928056812,1.818545391317488
53734000000,1.626910063609439,1.8259431334312024
53768000000,1.6336864123310868,1.8335669168764004
53801000000,1.6402640075274946,1.840967687945989
53834000000,1.646840983989306,1.84836839920088
53868000000,1.6536039624023873,1.8559775038317297
53901000000,1.6601783071160192,1.863368380729502
53934000000,1.6667589157406315,1.870765210726767
53968000000,1.6735340243552237,1.878381704008189
54001000000,1.6800982002008684,1.8857637233689963
54034000000,1.686674475575653,1.8931606957178937
54068000000,1.693449605777326,1.900782269125885
54101000000,1.7000262432001565,1.9081812768458268
54134000000,1.706603633526088,1.9155817653684144
54168000000,1.7133803744921654,1.923207063188177
54201000000,1.7199516177567211,1.9306018166158625
54234000000,1.7265159229305356,1.9379832399816537
54268000000,1.7332964819439616,1.945605204502184
54301000000,1.7398756514453766,1.9530008805133157
54334000000,1.7464398171308329,1.9603816571757129
54368000000,1.7532140805286889,1.9680008723506512
54401000000,1.7597898130313576,1.975397659324147
54434000000,1.7663660137017043,1.982795957055472
54468000000,1.7731424487332557,1.990420296005572
54501000000,1.7797199098500311,1.9978213311235944
54534000000,1.7862956443641538,2.0052212809487826
54568000000,1.7930553174513482,2.0128251516215667
54601000000,1.7996346039005666,2.0202211971469595
54634000000,1.8062149359758088,2.027617806252594
54668000000,1.812985201261096,2.0352295559927747
54701000000,1.819554430273869,2.042618007017606
54734000000,1.8261296654880688,2.050014125349397
54768000000,1.832904924262635,2.057636161644759
54801000000,1.839481742227135,2.065035652415983
54834000000,1.8460591543578424,2.072436446493513
54868000000,1.8528355013499165,2.080061658722425
54901000000,1.859401077546511,2.0874493499940763
54934000000,1.8659725681035555,2.094837631962314
54968000000,1.872752396511152,2.1024587725344444
55001000000,1.8793295558105965,2.109852924076419
55034000000,1.885892599992384,2.1172334136965487
55068000000,1.8926685186544792,2.1248549098489926
55101000000,1.8992441863744232,2.132252121956135
55134000000,1.9058204907770304,2.1396509850813983
55168000000,1.912596970476404,2.1472758085196797
55201000000,1.919174246196717,2.154676994585248
55234000000,1.9257471149174985,2.162074070065721
55268000000,1.9325084200944531,2.169678030857773
55301000000,1.9390895130301111,2.1770761369819365
55334000000,1.945669087548663,2.18447227435308
55368000000,1.9524341752844228,2.192078979573291
55401000000,1.9590078498,2.199472810042604
55434000000,1.9655833684611936,2.206869564346249
55468000000,1.972358775548045,2.2144920825257737
55501000000,1.97893577895798,2.221892044697875
55534000000,1.9855131688295704,2.2292930608635877
55568000000,1.992288619229344,2.236917746154174
55601000000,1.998849772799935,2.2442990225092863
55634000000,2.005427323063516,2.2516934042858887
55668000000,2.012206951882816,2.259314361543936
55701000000,2.0187801223600714,2.2667046844650502
55734000000,2.0253467074692453,2.2740903084732373
55768000000,2.0321213419938067,2.281710933391656
55801000000,2.0386970432069216,2.289108724002318
55834000000,2.0452734654094287,2.2965081732903974
55868000000,2.052049928262839,2.3041334059315397
55901000000,2.058626884999702,2.3115345965786607
55934000000,2.0651944637672623,2.318925461269401
55968000000,2.071962425170029,2.326535628599727
56001000000,2.0785428107105157,2.3339330410969588
56034000000,2.0851209621880726,2.341328274876436
56068000000,2.0918832252748403,2.3489326297057325
56101000000,2.098459608486513,2.3563298423811365
56134000000,2.105035121287874,2.3637269919172788
56168000000,2.111810658159192,2.371350049450748
56201000000,2.118387754905368,2.3787504751039408
56234000000,2.1249650151409325,2.386151659673517
56268000000,2.131738194719986,2.3937742293276205
56301000000,2.138298939069257,2.401153243572446
56334000000,2.1448796694435983,2.4085509823419637
56368000000,2.15165870653181,2.4161714106543104
56401000000,2.1582260021327526,2.423555938005231
56434000000,2.1647971898436484,2.4309474148197543
56468000000,2.171571593298273,2.43856831279949
56501000000,2.178147392254932,2.4459666356545986
56534000000,2.1847240044659184,2.4533666124188054
56568000000,2.1915004585614435,2.4609921077069163
56601000000,2.19807676296835,2.468393042895812
56634000000,2.204639079969964,2.4757768390526267
56668000000,2.2114135789997187,2.4833934064058747
56701000000,2.217993817789021,2.490790601986407
56734000000,2.224569131530316,2.498183179191088
56768000000,2.23133300517704,2.505790237836292
56801000000,2.237908828048333,2.5131871324775377
56834000000,2.2444843818305578,2.5205847404177324
56868000000,2.251260054089933,2.528208343836865
56901000000,2.2578371802264754,2.535609167687624
56934000000,2.264414227926308,2.5430103872048604
56968000000,2.271182717726664,2.5506275821516464
57001000000,2.2777488227963256,2.558011146450026
57034000000,2.284329541032993,2.565408934115549
57068000000,2.291107455505628,2.573028668717882
57101000000,2.2976705259276016,2.5804091832080367
57134000000,2.3042452958637454,2.587805056150539
57168000000,2.3110199107875498,2.595426563662347
57201000000,2.317595894293248,2.602825386772514
57234000000,2.32417271205719,2.610225810970153
57268000000,2.3309491322400446,2.617851435457405
57301000000,2.337523946720403,2.625251057698232
57334000000,2.344083990033508,2.632630477921805
57368000000,2.3508630778324657,2.6402517162940544
57401000000,2.357442970304756,2.647648479173149
57434000000,2.3640130552329723,2.6550358112852166
57468000000,2.3707814849441227,2.6626487367505693
57501000000,2.377356573372826,2.6700451772022595
57534000000,2.3839322224652912,2.6774432514954025
57568000000,2.3907080608771585,2.6850673746787272
57601000000,2.397285178932829,2.692468495976116
57634000000,2.4038617373677837,2.6998696113034764
57668000000,2.410624668151507,2.707479714643101
57701000000,2.417198005044377,2.714870442976622
57734000000,2.4237782181459253,2.722267737083429
57768000000,2.4305536853587677,2.72988545969267
57801000000,2.4371166204842134,2.737266760638906
57834000000,2.4436927552756607,2.7446644208885704
57868000000,2.450467411922955,2.752286314236417
57901000000,2.457043582508108,2.759685628066945
57934000000,2.463620515391887,2.767086433438981
57968000000,2.4703968068466,2.774712092262776
58001000000,2.476968057667808,2.782107735417792
58034000000,2.4835313015927163,2.7894889607002717
58068000000,2.49031154125286,2.797111454368077
58101000000,2.4968905746605428,2.804507696324289
58134000000,2.5034552189654176,2.811889691382924
58168000000,2.5102280177645504,2.8195080922257327
58201000000,2.51680328491262,2.826905187380712
58234000000,2.523379014707246,2.8343037928619945
58268000000,2.530154963464144,2.841928455418649
58301000000,2.5367319713377143,2.8493298311416053
58334000000,2.543307397598703,2.8567302727922343
58368000000,2.550066734237697,2.864334833068104
58401000000,2.55664521149554,2.871730875762338
58434000000,2.5632252185104822,2.8791279917960635
58468000000,2.569996315681732,2.8867413848499104
58501000000,2.576563853518721,2.8941287159504725
58534000000,2.583138736749701,2.9015252703803043
58568000000,2.5899135176327293,2.9091476333928274
58601000000,2.5964898584168754,2.916547434736144
58634000000,2.603066807914121,2.923948558565836
58668000000,2.6098427246753744,2.931574154014225
58701000000,2.6164083456946496,2.9389628814551623
58734000000,2.622978886645168,2.9463511036828955
58768000000,2.6297582797810835,2.9539727049384856
58801000000,2.6363355782430995,2.961367797169772
58834000000,2.642897970125516,2.9687482598005075
58868000000,2.6496733958771124,2.9763700835181037
58901000000,2.6562486097860862,2.9837676136968203
58934000000,2.6628244394358918,2.991166783043397
58968000000,2.669600437078556,2.9987919370348832
59001000000,2.676177263882355,3.006193476475881
59034000000,2.682750025458656,3.013591323654167
59068000000,2.6895104528005023,3.0211953519374144
59101000000,2.6960910808051337,3.028593815255734
59134000000,2.7026704445850944,3.0359904736106627
59168000000,2.709436163346111,3.0435986435423428
59201000000,2.716008454891513,3.050991731915192
59234000000,2.7225834739063624,3.058388749469651
59268000000,2.729358402025769,3.0660115818732976
59301000000,2.735934934360497,3.0734118517269438
59334000000,2.7425118694127346,3.0808132015780525
59368000000,2.749286963835767,3.088438344044488
59401000000,2.7558478866223703,3.095820420881927
59434000000,2.762424563866176,3.103214752382837
59468000000,2.769203824299784,3.110836202925651
59501000000,2.775777729188484,3.1182281085314703
59534000000,2.7823426985072985,3.1256125929792664
59568000000,2.789117194491855,3.1332338864052467
59601000000,2.79569243225161,3.140631976726492
59634000000,2.8022683730168394,3.148031728714427
59668000000,2.8090443540289427,3.1556573026617274
59701000000,2.8156208792816786,3.1630588645256594
59734000000,2.822188504487877,3.170450743161723
59768000000,2.8289552739897084,3.178060587461086
59801000000,2.835535324669423,3.185458508362899
59834000000,2.8421134796970327,3.192854461044521
59868000000,2.848875633422014,3.2004594261328743
59901000000,2.8554511687354123,3.20785651657366
59934000000,2.862026262592211,3.215254002817189
59968000000,2.8688013240720114,3.222877365690399
60001000000,2.875377961425304,3.230278098431405
60034000000,2.881954777910172,3.237679619583952
60067000000,2.888727776298182,3.2453028579842007
60101000000,2.8952878767688,3.252682227621775
60134000000,2.9018681037005414,3.260080325404155
60168000000,2.908646838367689,3.2677013034490288
60201000000,2.915215077130048,3.275087623932712
60234000000,2.9217845722694435,3.2824780158814835
60268000000,2.928558438678904,3.290099210590873
60301000000,2.9351337368932664,3.2974978667671366
60334000000,2.941709832331747,3.304898183378915
60368000000,2.9484857722614364,3.3125240647147813
60401000000,2.955061657934608,3.319925436090887
60434000000,2.961623843986091,3.3273101799557114
60468000000,2.9683973023108763,3.3349266207289623
60501000000,2.974977129051654,3.342324296055741
60534000000,2.981552817701849,3.3497181406700705
60568000000,2.9883155672740087,3.35732466495142
60601000000,2.9948911961514506,3.364722186759153
60634000000,3.001466282690177,3.3721201103130176
60668000000,3.0082414615677955,3.37974403404274
60701000000,3.014818117262652,3.3871451860049517
60734000000,3.0213947150373266,3.394546773221584
60768000000,3.02816323296451,3.4021649570380528
60801000000,3.034728225196861,3.4095482907355072
60834000000,3.0413085882815816,3.4169465871856857
60868000000,3.04808639311724,3.4245669791588083
60901000000,3.054649734435088,3.431948538597733
60934000000,3.061223747060028,3.4393443444461465
60968000000,3.0679979578919303,3.446966170451006
61001000000,3.0745735014074347,3.454365265396344
61034000000,3.0811498752653184,3.461765974301917
61068000000,3.0879258537959267,3.469391927267876
61101000000,3.094500421004696,3.476792077755182
61134000000,3.101060027473898,3.484172014907283
61168000000,3.107838381104851,3.49179330551408
61201000000,3.114417990195034,3.499190562826295
61234000000,3.1209890407361365,3.506579634063949
61268000000,3.1277558586296403,3.514191497101088
61301000000,3.1343305556545222,3.5215882810175705
61334000000,3.14090575927454,3.5289866498974125
61368000000,3.1476811226066004,3.536611073757843
61401000000,3.154257792115385,3.544012511584808
61434000000,3.160833953637681,3.551413994541365
61468000000,3.167596875807913,3.559025084962916
61501000000,3.174169218536389,3.5664156442836714
61534000000,3.1807490302361123,3.573813369646759
61568000000,3.187524783017601,3.581432180033849
61601000000,3.1940867937242774,3.58881311884898
61634000000,3.2006626584867024,3.596211306278131
61668000000,3.207436853704253,3.6038335131028334
61701000000,3.214012560043279,3.611233123843938
61734000000,3.2205890348715736,3.618634241577823
61768000000,3.2273648730510462,3.6262602606442926
61801000000,3.233936106764142,3.633656772149582
61834000000,3.2404983773884424,3.6410379322661073
61868000000,3.2472781769834644,3.648660834589326
61901000000,3.253857034293144,3.656057619464761
61934000000,3.2604223195710764,3.6634410642121713
61968000000,3.2671938372006624,3.6710588103176978
62001000000,3.2737686465486013,3.6784561831728335
62034000000,3.280343921917117,3.685855079631846
62068000000,3.287119395212127,3.69348004834432
62101000000,3.293695956343693,3.700881751251344
62134000000,3.300271063605124,3.708282661794408
62168000000,3.30703004112391,3.715887873711247
62201000000,3.31360777996129,3.7232840009500894
62234000000,3.320187438270648,3.73068162063329
62268000000,3.3269592690153797,3.738296605099851
62301000000,3.3335248699923867,3.7456825570250536
62333000000,3.340099505649942,3.7530797471518897
62368000000,3.346873762873462,3.760702472763157
62401000000,3.35344958462594,3.768102621873631
62434000000,3.3600260301552343,3.7755041131723215
62468000000,3.366801474201393,3.78313013045622
62501000000,3.3733670864712586,3.790519924425892
62534000000,3.379936465101562,3.79790789192829
62568000000,3.386715458483392,3.805530040258686
62601000000,3.3932927943108533,3.812925965962532
62634000000,3.3998548169225336,3.820306775203593
62668000000,3.4066294999592124,3.8279287040882863
62701000000,3.4132042426486398,3.8353265887554087
62734000000,3.419779567458136,3.842726088781395
62768000000,3.4265550490752217,3.850351598970157
62801000000,3.433131391392352,3.857753517045947
62834000000,3.439703979831032,3.865152131570021
62868000000,3.4464635829312438,3.872756367145442
62901000000,3.4530437704305417,3.8801553358935874
62934000000,3.459622828625976,3.887552558264784
62968000000,3.4663892119067405,3.895162346192864
63001000000,3.4729597436723183,3.902554421129576
63034000000,3.479534157940665,3.909951771132537
63068000000,3.486308513170064,3.917575005858087
63101000000,3.4928844832518218,3.924975666137152
63134000000,3.4994608745416973,3.932377431363205
63168000000,3.5062355080370007,3.940003099473624
63201000000,3.5127962376715,3.947386148633904
63234000000,3.5193718384027566,3.954780377071595
63268000000,3.526150643465204,3.962402379652669
63301000000,3.532725031602168,3.9697957405231694
63334000000,3.5392884172370485,3.977179250327609
63368000000,3.546062716549013,3.984801321594347
63401000000,3.5526374109652217,3.992199781935993
63434000000,3.5592127932592184,3.999599907363342
63468000000,3.565988212008266,4.007225892373538
63501000000,3.5725642233736385,4.014627888884229
63534000000,3.579131827046598,4.022020852734885
63568000000,3.5858974449481558,4.029630589500468
63601000000,3.592477046820292,4.0370290806919
63634000000,3.5990550411330107,4.044425763104169
63668000000,3.6058171942520816,4.052031655233823
63701000000,3.612391511837877,4.059428410492454
63734000000,3.618966073242903,4.066826322557848
63768000000,3.6257405527108513,4.074450089410299
63801000000,3.6323166290709343,4.081851223195796
63834000000,3.638892902281275,4.089253172330779
63868000000,3.6456656013762943,4.096877151958655
63901000000,3.652224975712768,4.104256935538293
63934000000,3.658804540783948,4.111655362449779
63968000000,3.665582892041526,4.11927694083473
64001000000,3.672152000472927,4.126665132702078
64034000000,3.678719759134762,4.13405453326727
64068000000,3.685493072604696,4.141676140368478
64101000000,3.6920678044883903,4.149075186965421
64134000000,3.698643316110801,4.156475898871095
64168000000,3.7054186727295386,4.164102222237961
64201000000,3.711994064272581,4.1715040875506855
64234000000,3.7185560830749766,4.178889863108009
64268000000,3.725328413289768,4.186506226721857
64301000000,3.731907751689653,4.193904435041903
64334000000,3.738483641346048,4.201299455943664
64368000000,3.745245274686263,4.208905625843266
64401000000,3.7518207403481343,4.216303942554063
64434000000,3.7583952983814974,4.223702234695371
64468000000,3.7651699221754376,4.231326534348666
64501000000,3.771746046493486,4.238728068593269
64534000000,3.778322132835364,4.24613007740385
64568000000,3.785090592260816,4.253749301532951
64601000000,3.791654468315307,4.261132532574638
64634000000,3.79823442831236,4.268531444244638
64668000000,3.805011966496332,4.276152528994781
64701000000,3.811575724317935,4.2835354383163065
64734000000,3.818148091945558,4.29093045340136
64768000000,3.8249216759411713,4.298552680429865
64801000000,3.8314966173387455,4.305952189458522
64834000000,3.8380723831749903,4.313353325115697
64868000000,3.844847755326993,4.3209797546556015
64901000000,3.8514219108088272,4.328380560845765
64934000000,3.85798097820631,4.335761200828681
64968000000,3.864758397236917,4.34338263774399
65001000000,3.87133755741806,4.350780517554104
65034000000,3.877909384660889,4.358171396412291
65068000000,3.8846751327731,4.365783001093692
65101000000,3.8912493600273033,4.373180167354783
65134000000,3.8978240638655306,4.380578887225512
65168000000,3.9045988939557295,4.388203663641573
65201000000,3.91117505791596,4.395605469492763
65234000000,3.9177507653455015,4.403007369655625
65268000000,3.9245136378432335,4.410619548750852
65301000000,3.931084908245166,4.418009989616578
65334000000,3.937664250022965,4.425408206438274
65368000000,3.9444401043142654,4.43302805467546
65401000000,3.95100146494644,4.440409074782012
65434000000,3.957576785983048,4.447807620498288
65468000000,3.964350461125529,4.455430212388893
65501000000,3.9709256341074455,4.4628301794380585
65534000000,3.9775015784704575,4.470231669400449
65568000000,3.9842768873587446,4.477858111181334
65601000000,3.9908479964264,4.485255514947524
65634000000,3.997409204227268,4.492636639742997
65668000000,4.004188496105556,4.500260015757167
65701000000,4.010767077372562,4.507657376339457
65734000000,4.0173330668471525,4.515042462055135
65768000000,4.02410311110981,4.522659500147735
65801000000,4.030677369141953,4.530057192042763
65834000000,4.037252117794953,4.537456444817826
65868000000,4.044027040512396,4.545081786870091
65901000000,4.050603082154932,4.5524838823768
65934000000,4.057177789529156,4.55988531456275
65968000000,4.063936432257395,4.5674914014374135
66001000000,4.070513310606944,4.574887661779068
66034000000,4.077092514080943,4.582285844513319
66068000000,4.083864917176771,4.589902474810058
66101000000,4.090428582973073,4.597287169624549
66134000000,4.097002944106309,4.604685133570366
66168000000,4.103776593398229,4.612308294721978
66201000000,4.110351815855985,4.619708863523493
66234000000,4.116927675983093,4.627110793007736
66268000000,4.123702556031088,4.634737300173443
66301000000,4.130268109267928,4.642128229140761
66334000000,4.13683618365197,4.649515964763073
66368000000,4.143614696578403,4.65713873101346
66401000000,4.150191915843696,4.664535474258308
66434000000,4.156753769138485,4.671917018657495
66468000000,4.163527424800973,4.679538885724514
66501000000,4.170101630772463,4.686937205227084
66534000000,4.176676375268394,4.6943371036717645
66568000000,4.183451263003059,4.701963039741956
66601000000,4.190027044906135,4.709365403638445
66634000000,4.196599363870453,4.716764819168297
66668000000,4.203358005644059,4.724369299208032
66701000000,4.209937563596094,4.731768659830224
66734000000,4.216516226703765,4.739166488659399
66768000000,4.223283319928733,4.746778040441081
66801000000,4.229852689608901,4.754169789594056
66834000000,4.236426519809536,4.761567436930961
66867000000,4.243200325809686,4.769191045593304
66901000000,4.249775749410414,4.776592072923982
66934000000,4.256351605857377,4.783994235057807
66968000000,4.263125776101199,4.791620406075204
67001000000,4.269686271912054,4.799004387657273
67034000000,4.276260827809675,4.8063985385087005
67068000000,4.283039156598178,4.81402108708314
67101000000,4.289613867098056,4.821415763483743
67134000000,4.296175847667916,4.828798514260046
67168000000,4.302949843520596,4.836421304773548
67201000000,4.309523963874273,4.843820156632926
67234000000,4.316098755130052,4.851220679978502
67268000000,4.322873576018467,4.858847104161641
67301000000,4.329449034138203,4.866249565901431
67334000000,4.3360165759310805,4.873643643223847
67368000000,4.342780926497806,4.88125322967706
67401000000,4.349360054828845,4.888652336258189
67434000000,4.355937786521252,4.896049726968165
67468000000,4.362700077405954,4.903656784731576
67501000000,4.369273112019026,4.911053209768607
67534000000,4.3758470938872165,4.918451568892237
67568000000,4.382620948242006,4.926075773740178
67601000000,4.389196417403474,4.933477343082983
67634000000,4.395772097648238,4.940879756875381
67668000000,4.402544419542901,4.9485044898481085
67701000000,4.409103116929741,4.955884836167402
67734000000,4.415681808023099,4.963283466208241
67768000000,4.422459699407841,4.970905701722132
67801000000,4.429029625699572,4.978295784744431
67834000000,4.435595565039836,4.985684175226464
67868000000,4.442368361274716,4.993306335060729
67901000000,4.448942474257442,5.000705816437697
67934000000,4.455517346921219,5.008106969144545
67968000000,4.462292061739729,5.015733784336948
68001000000,4.4688668933107385,5.023136189600484
68034000000,4.475428713469479,5.030523069696268
68068000000,4.482199928137386,5.038139521054792
68101000000,4.488778694637125,5.045538334521974
68134000000,4.495354605612093,5.052934473795424
68168000000,4.502115046973125,5.060540405119761
68201000000,4.508689885806072,5.067939285610502
68234000000,4.515263785870168,5.075338079664708
68268000000,4.522037712288692,5.082962882746353
68301000000,4.528613167927863,5.090364919472064
68334000000,4.5351886059892585,5.0977674667895085
68368000000,4.5419568693402805,5.105387823257721
68401000000,4.548519449027715,5.112771022189083
68434000000,4.555098839355148,5.120170577836415
68468000000,4.561875979207637,5.127792397022061
68501000000,4.568440147718853,5.135176898449143
68534000000,4.575011312505105,5.142571728931375
68568000000,4.581784241255683,5.150194398232334
68601000000,4.5883585461182905,5.157594352552557
68634000000,4.594933668830913,5.164995945907016
68668000000,4.601708395338629,5.172622883348841
68701000000,4.608282085824429,5.180024363633129
68734000000,4.614840570687155,5.187405741596967
68768000000,4.621617005579759,5.19502736579681
68801000000,4.628195654042499,5.202425896421213
68834000000,4.6347680852088,5.209818525544639
68868000000,4.641531694844901,5.217428849473706
68901000000,4.648105560336279,5.224826841235029
68934000000,4.654679593595756,5.232226054020299
68968000000,4.661453720329865,5.239851337609768
69001000000,4.6680292147676905,5.24725365719608
69034000000,4.67460430013624,5.254656114753364
69068000000,4.681366961560385,5.262269496875105
69101000000,4.687936923589536,5.269659855386246
69134000000,4.694515679225526,5.277058714529916
69168000000,4.701291403642776,5.284679592230746
69201000000,4.70785230779098,5.292061192151364
69234000000,4.714426704169662,5.299459945543543
69268000000,4.721199731697221,5.30708305986248
69301000000,4.727774235898118,5.31448350325771
69334000000,4.734349514611536,5.321885485852749
69368000000,4.741124155787114,5.32951247385195
69401000000,4.747694985806933,5.33691086555806
69434000000,4.754255089095675,5.344292178877234
69468000000,4.761033691274882,5.351916110365389
69501000000,4.767611825256713,5.359314163522839
69534000000,4.7741784924553645,5.366701111280981
69568000000,4.780946933931433,5.374317562118968
69601000000,4.787520500919605,5.381715668521041
69634000000,4.794094600317122,5.389115390301384
69668000000,4.800868844264973,5.396741218838935
69701000000,4.807444241127512,5.404143815412299
69734000000,4.8140184146682685,5.41154586500812
69768000000,4.820776620819488,5.419152919394314
69801000000,4.827352374107611,5.426549228743681
69834000000,4.833931021724845,5.433948048308938
69868000000,4.840703744711924,5.44156623547288
69901000000,4.847265881957631,5.448950287483509
69934000000,4.853839961398482,5.456349122714946
69968000000,4.860612944030343,5.463972763706661
70001000000,4.867187509054157,5.471373799724575
70034000000,4.873762723050477,5.478776218102732
70068000000,4.880536970065125,5.486403266760179
70101000000,4.887102397195328,5.493795377089039
70134000000,4.893669088927813,5.501182942288279
70168000000,4.9004470505657975,5.508806398930873
70201000000,4.907024006617498,5.516203951859114
70234000000,4.9135858250201245,5.523586556046157
70268000000,4.920358211807736,5.531208248568667
70301000000,4.9269317982449685,5.538607080566383
70334000000,4.933505874318432,5.546007452787311
70368000000,4.940280073701437,5.55363389318744
70401000000,4.946855200651681,5.561036779893263
70434000000,4.953427138219301,5.568437042733176
70468000000,4.960184804935151,5.576041937752578
70501000000,4.966763519331007,5.58344163971499
70534000000,4.973341686095323,5.590840150003146
70568000000,4.980109418595244,5.598453565745343
70601000000,4.986676402114218,5.605843917531833
70634000000,4.993249531155558,5.613242158038837
70668000000,5.000022571120349,5.620866342469766
70701000000,5.006597241061168,5.628267927207718
70734000000,5.01317236042615,5.635670671811308
70768000000,5.019945854132643,5.643297530187608
70801000000,5.026505960525196,5.650682649004501
70834000000,5.033079253399003,5.658076880374423
70868000000,5.03985690253247,5.665700142602404
70901000000,5.046431631824652,5.673096134138015
70934000000,5.05299229214758,5.680478620711253
70968000000,5.059765620503984,5.688102115805478
71001000000,5.066338991690342,5.695501528581619
71034000000,5.072913015746268,5.702902611648994
71068000000,5.07968705676236,5.710529636041623
71101000000,5.086261784966164,5.717932717998148
71134000000,5.092829065462365,5.725328047133129
71168000000,5.099591956200957,5.732937632898604
71201000000,5.10617045519764,5.740337518146075
71234000000,5.112747714048817,5.7477357436562
71268000000,5.119510207164792,5.755344378804142
71301000000,5.126082130014658,5.762740902455636
71334000000,5.132655440933815,5.770139806973418
71368000000,5.139428566265631,5.777764539121503
71401000000,5.1460033257224405,5.785166632672978
71434000000,5.152578309011231,5.79256960162122
71468000000,5.1593501323740885,5.800195164698021
71501000000,5.165908074570407,5.807576221927134
71534000000,5.172485791281221,5.814975161779887
71568000000,5.179263076494099,5.822598158251392
71601000000,5.185833639885234,5.829990175857907
71634000000,5.192397680987282,5.837377674295882
71668000000,5.199169937353068,5.845000602802546
71701000000,5.2057433137723335,5.85240062278432
71734000000,5.212317427594519,5.859802320014856
71768000000,5.21909137449817,5.867429733885084
71801000000,5.225665517229443,5.874832776240829
71834000000,5.2322270388687295,5.882220924991751
71868000000,5.238996911974439,5.889837474547843
71901000000,5.245574969865793,5.897236981836021
71934000000,5.252150681607653,5.904634261691748
71968000000,5.258910390893594,5.912240700519341
72001000000,5.265484394190114,5.91964007301151
72034000000,5.27205756328376,5.927039446217279
72068000000,5.27883070651247,5.9346648245310245
72101000000,5.285405406720404,5.94206743714109
72134000000,5.29198010563942,5.949470598616284
72168000000,5.298748050111322,5.957092137386123
72201000000,5.305309224840319,5.964475365326182
72234000000,5.311887949489756,5.971875649318296
72268000000,5.318664545651727,5.979498274631672
72301000000,5.325229149815172,5.9868845910793125
72334000000,5.331798730214145,5.994279030921138
72368000000,5.338570820738823,6.0019022170665846
72401000000,5.345144347980897,6.009302738095577
72434000000,5.351718680934519,6.016704911804454
72468000000,5.358492609398671,6.024332487179718
72501000000,5.365065666258762,6.031734744983521
72534000000,5.3716235041485,6.039117123324169
72568000000,5.378398915138706,6.046739265905879
72601000000,5.384976848313278,6.054138597273939
72634000000,5.391549552170678,6.06153303652976
72668000000,5.39831164831991,6.069143067159692
72701000000,5.404885007881964,6.07654195151423
72734000000,5.411458263525987,6.083941757518213
72768000000,5.418231574930101,6.091567647478186
72801000000,5.424806285990005,6.098970582065999
72834000000,5.431380630600069,6.106373690696169
72868000000,5.438142946803089,6.113988359744689
72901000000,5.444711461911445,6.121378708788419
72934000000,5.451289508243133,6.12877831652695
72968000000,5.458064875356022,6.136400228324145
73001000000,5.464625436232053,6.143782808867021
73034000000,5.471198560179271,6.151181647290805
73068000000,5.47797080183074,6.158805418600721
73101000000,5.484544491185941,6.166206462257593
73134000000,5.491118953938424,6.173609063940531
73168000000,5.497892769740695,6.18123673069205
73201000000,5.504463135685817,6.188636210321987
73234000000,5.5110220022335055,6.196017868924136
73268000000,5.517799862761312,6.203642658936244
73301000000,5.524377341199558,6.21104155524161
73334000000,5.530944600064543,6.218430621903221
73368000000,5.537711331906629,6.226046703618687
73401000000,5.544284041082845,6.23344536465199
73434000000,5.550857329679091,6.240845702374686
73468000000,5.557630725873349,6.248472166786833
73501000000,5.564205312820286,6.255875410548531
73534000000,5.570778768801538,6.263278208558507
73568000000,5.577536409996512,6.270886426238511
73601000000,5.584110874566933,6.278282939716608
73634000000,5.5906887816736495,6.285682543104685
73668000000,5.597461532214797,6.293302335219091
73701000000,5.604021809481448,6.300685699211648
73734000000,5.610595240538357,6.308085471845986
73768000000,5.617367322739463,6.315709807191142
73801000000,5.62394100140484,6.323111514673316
73834000000,5.630515339309892,6.330514623378745
73868000000,5.637288719993862,6.338142423263177
73901000000,5.643853775084779,6.345535908271313
73934000000,5.650419035585504,6.352923682002502
73968000000,5.657196163141053,6.3605480156909815
74001000000,5.663772559706996,6.367946546514199
74034000000,5.670334331015914,6.375330668599313
74068000000,5.6771050479503264,6.382952226791769
74101000000,5.68367776927451,6.390351770024029
74134000000,5.690250945438451,6.397752824719381
74168000000,5.697024219321638,6.405379981988707
74201000000,5.703598462777844,6.412783595654781
74234000000,5.710169767558868,6.420184883825126
74268000000,5.716926349192979,6.42779053501049
74301000000,5.723504111078928,6.435190966440003
74334000000,5.730081491791738,6.442590393016471
74368000000,5.736849584122615,6.450205882741087
74401000000,5.743414182165904,6.457595292685312
74434000000,5.749986486245586,6.464994428850769
74468000000,5.756758536925175,6.472619389185627
74501000000,5.763332236411334,6.480021724131344
74534000000,5.769906401293237,6.487425242093959
74568000000,5.776678988246431,6.495052969653475
74601000000,5.783238475901775,6.50243939651607
74634000000,5.7898102874376445,6.509833890834251
74668000000,5.79658703421382,6.51745805738944
74701000000,5.803161478947233,6.524855428244708
74734000000,5.809720966617791,6.532238256704177
74768000000,5.81649356232886,6.539862735284596
74801000000,5.8230660200955136,6.547262857446272
74834000000,5.829639112215454,6.554664646897247
74868000000,5.836412200560856,6.562292421113075
74901000000,5.842986025906384,6.569696271052886
74934000000,5.849552876298746,6.577092969678787
74968000000,5.856314114033738,6.584702706710926
75001000000,5.862891805290992,6.592103511674561
75034000000,5.869468384406211,6.599502689342541
75068000000,5.876231002968039,6.607113185351271
75101000000,5.882801104176583,6.614509441183426
75134000000,5.889373442031428,6.621909041647131
75168000000,5.89614558590604,6.629534525308555
75201000000,5.902719388821872,6.6369373592904815
75234000000,5.90929342765077,6.6443410988009735
75268000000,5.916064469059215,6.651967683239477
75301000000,5.922621399979809,6.659349643714825
75334000000,5.929197872103695,6.666749065478581
75368000000,5.93597430009517,6.674373023305447
75401000000,5.942545132824519,6.681767064885091
75434000000,5.9491075665654005,6.689154407516973
75468000000,5.955879100641992,6.696778288374856
75501000000,5.9624515552117785,6.704179011552682
75534000000,5.969024725030746,6.711581417138191
75568000000,5.975797710572023,6.719209598030946
75601000000,5.982370971407976,6.726613440319422
75634000000,5.988932033564325,6.734003019759711
75668000000,5.995700305722931,6.741619784644752
75701000000,6.002277469851052,6.749020164535621
75734000000,6.008852701294372,6.756418620244599
75768000000,6.0156117075064905,6.764026047557399
75801000000,6.022184587440658,6.771425968289732
75834000000,6.0287568349086245,6.778826104347341
75868000000,6.035528984585675,6.78645223801627
75901000000,6.042102721276768,6.793855604033214
75934000000,6.048676468527175,6.80125955863918
75968000000,6.055443841217467,6.808882433554942
76001000000,6.062003535746627,6.816266037787491
76034000000,6.068581387344197,6.823667304288783
76068000000,6.075357157008924,6.831290949324743
76101000000,6.081922106236164,6.83867947168664
76134000000,6.088489655490573,6.846073506078628
76168000000,6.095260634157119,6.853697434144352
76201000000,6.101833123206272,6.861098751223658
76234000000,6.108406402192688,6.868501735218942
76268000000,6.115179260854179,6.876130188842248
76301000000,6.121751407982504,6.883533447364695
76334000000,6.1283083606479485,6.890917036386331
76368000000,6.135082245510547,6.89853962665514
76401000000,6.141659237856308,6.905939952555921
76434000000,6.148231815875007,6.913336211707885
76468000000,6.154991941608676,6.92094589695636
76501000000,6.161564583341662,6.928345995073247
76534000000,6.168136780098867,6.935746635131994
76568000000,6.174908987250752,6.94337338637386
76601000000,6.18148263230565,6.950777182241334
76634000000,6.188055951017535,6.95818118533355
76668000000,6.19481764512446,6.965797403968949
76701000000,6.2013844080499245,6.973187986768914
76734000000,6.207961462783248,6.980588603159075
76768000000,6.214736120020308,6.988211746006566
76801000000,6.221296281645869,6.995595848270146
76834000000,6.227867681951243,7.002994824539498
76868000000,6.234638831929126,7.010619509914158
76901000000,6.24121141286687,7.018021410463249
76934000000,6.247784764350636,7.025424890043249
76968000000,6.254557449393547,7.033053503943815
77001000000,6.261127030729581,7.040454297228185
77034000000,6.267684412617824,7.047836652802773
77068000000,6.274461086250878,7.055462378643546
77101000000,6.281037600458531,7.062862363781504
77134000000,6.287605215511273,7.070253862060907
77168000000,6.294369706810387,7.077869570958127
77201000000,6.300941305605418,7.085269115157122
77234000000,6.307513474167606,7.092670340334755
77268000000,6.314285701196519,7.100297721088236
77301000000,6.320859163695328,7.10770188488687
77334000000,6.327431582535346,7.115105699984631
77368000000,6.33418834307585,7.12271537626108
77401000000,6.340761181552645,7.130112355891878
77434000000,6.347338021545275,7.137513013570842
77468000000,6.354110382544392,7.1451345562385935
77501000000,6.360668977729478,7.1525180880478665
77534000000,6.3672412943201735,7.159918869279981
77568000000,6.374012174874714,7.167544171311082
77601000000,6.38058466578333,7.174946811793799
77634000000,6.387157822431035,7.182350876166053
77668000000,6.393930013376681,7.189979702487207
77701000000,6.400494372206242,7.197374837911387
77734000000,6.407057800908046,7.204763015900693
77768000000,6.413833801212047,7.212388535310083
77801000000,6.420409283648193,7.219788298402115
77834000000,6.426970928425795,7.227174492598291
77868000000,6.43373958838309,7.234796095104028
77900000000,6.440311111564953,7.242196593030583
77934000000,6.446883076085148,7.249598602963054
77968000000,6.453655097679328,7.257226759233206
78001000000,6.460228135780525,7.264631375874168
78034000000,6.466798459875818,7.272033941353446
78068000000,6.473553623565094,7.279640645324677
78101000000,6.48012997671528,7.287041916408919
78134000000,6.4867062487014975,7.294442524300332
78168000000,6.493474340120432,7.302060350357123
78201000000,6.500036527345251,7.309449361966662
78234000000,6.5066077698797615,7.316849705199923
78268000000,6.513378525911748,7.324475701770043
78301000000,6.519950954208977,7.331879045696686
78334000000,6.526523858886525,7.339283601461939
78368000000,6.533295209320838,7.346912469370102
78401000000,6.539853812404536,7.354300560873863
78434000000,6.546423842775819,7.361695655288562
78468000000,6.553199318741823,7.36932102195532
78501000000,6.559773036830119,7.376719999264316
78534000000,6.566331271150837,7.384103769204445
78568000000,6.573102284298062,7.391729080900381
78601000000,6.579673449700919,7.39913027283409
78634000000,6.586245212563092,7.406533115221644
78668000000,6.593016935311034,7.414161999514378
78701000000,6.599589450669801,7.421566969360196
78734000000,6.606155441379439,7.42896535679796
78768000000,6.612914625329864,7.436575624329939
78801000000,6.619491096622657,7.443977707153976
78834000000,6.626066559261664,7.451378177383755
78868000000,6.632828947994506,7.458991010715192
78901000000,6.639396442792395,7.466386982877102
78934000000,6.645967308604226,7.473787638747875
78968000000,6.652737997552533,7.481414294203552
79001000000,6.65931038262936,7.4888182759884145
79034000000,6.665883015381668,7.4962231940304
79068000000,6.672652781243691,7.503851200299631
79101000000,6.679208320778113,7.511234592003148
79134000000,6.685783207447818,7.518635119142891
79168000000,6.692558244879155,7.526260479412869
79201000000,6.699128713441295,7.533656902460593
79234000000,6.705688561663608,7.541043988726357
79268000000,6.712458927640501,7.548669490704801
79301000000,6.719029897666438,7.556071411404298
79334000000,6.7256015636333455,7.56347502234279
79368000000,6.732373012326446,7.571104480362266
79401000000,6.7389448297708725,7.578509611275821
79434000000,6.745504824424346,7.58590106607503
79468000000,6.752270961268958,7.593518548893886
79501000000,6.758846686843024,7.600920287002376
79534000000,6.765420825614336,7.608320331351625
79568000000,6.772178799203228,7.615929466638269
79601000000,6.778749643230468,7.623330061963076
79634000000,6.785320411890554,7.6307314681163
79668000000,6.792090990098001,7.638358871807342
79701000000,6.798663203701199,7.64576348994352
79734000000,6.805235440028048,7.653168733289791
79768000000,6.812001640619497,7.660793434541811
79801000000,6.81855923520637,7.66817784148606
79834000000,6.825135619555667,7.675580503544417
79868000000,6.831909981048274,7.68320565127292
79901000000,6.838474836585683,7.690596952726819
79934000000,6.845039690999659,7.697990933915944
79968000000,6.85180902775218,7.705616130574166
80001000000,6.858379933468595,7.713018727547204
80034000000,6.864951607340191,7.720423004683386
80068000000,6.871722825642158,7.72805283589166
80101000000,6.8782935006409245,7.735457567454891
80134000000,6.884849079969293,7.742842946490215
80168000000,6.891620868463741,7.750466513110617
80201000000,6.898196337272671,7.757868333861366
80234000000,6.90476811065251,7.765266780610061
80268000000,6.911525739309452,7.772876765301066
80301000000,6.918097126792861,7.780278644722089
80334000000,6.924667680131435,7.787680628948467
80368000000,6.93143817788869,7.79530876923553
80401000000,6.938010169506537,7.802713941009438
80434000000,6.944581864543133,7.810119361549839
80468000000,6.951342344277842,7.817737663526661
80501000000,6.9579067274870185,7.825128984410318
80534000000,6.964482201392306,7.8325311437368175
80568000000,6.971255467034571,7.840156006454241
80601000000,6.977814810937418,7.847542360152047
80634000000,6.984383590226721,7.854941720654255
80668000000,6.991152963541881,7.862567861469545
80701000000,6.997723793963601,7.869971179861663
80734000000,7.004295386253349,7.877376101880389
80768000000,7.011066268884684,7.885006248732317
80801000000,7.01763438580046,7.892408895248623
80834000000,7.024189770478871,7.899792663926536
80867000000,7.030964456761503,7.907419789496674
80901000000,7.037539327555427,7.914821453600375
80934000000,7.044106569244593,7.922215876192229
80968000000,7.050868335719421,7.929832011397485
81001000000,7.057438217196385,7.937233065717326
81034000000,7.06400860830266,7.944635757621132
81068000000,7.070778982316577,7.952264653847464
81101000000,7.077350651047413,7.95967032441428
81134000000,7.083921342431732,7.967075737566972
81168000000,7.090676504339537,7.974687449427113
81201000000,7.0972471602102525,7.982085659069212
81234000000,7.103822228217232,7.989488000287507
81268000000,7.110593367869496,7.997111819964913
81301000000,7.117150013594991,8.004496612918793
81334000000,7.123720387436012,8.011898877556318
81368000000,7.130489347167686,8.019525794739062
81401000000,7.137059938893846,8.02692999584078
81434000000,7.143631188616706,8.034335651331615
81468000000,7.150401437598815,8.041966158276837
81501000000,7.156964350447599,8.049363520551534
81534000000,7.163525114504764,8.056752645280438
81568000000,7.170299241705271,8.064380028356064
81601000000,7.176873037107628,8.071781636136958
81634000000,7.183433946221419,8.07917071558405
81668000000,7.190199743416678,8.086793001677103
81701000000,7.196769274032561,8.094195086247302
81734000000,7.203339253390042,8.10159872328271
81768000000,7.210109215826921,8.109228578054953
81801000000,7.216680257508909,8.116634886286768
81834000000,7.2232487737055635,8.124039397569117
81868000000,7.230001694424752,8.131647869512527
81901000000,7.236575864312887,8.139050764072323
81934000000,7.24315018472146,8.146453269897894
81968000000,7.2499173156126515,8.154074116482409
82001000000,7.256476351669923,8.161463558621902
82034000000,7.263045774199044,8.168865955939118
82068000000,7.269814346003812,8.176493758613326
82101000000,7.276384630110728,8.183898869223277
82134000000,7.282955390483472,8.191305229635788
82168000000,7.289724579644402,8.198936034895667
82201000000,7.296281438082976,8.206326590071669
82234000000,7.302848788044563,8.213723105033324
82268000000,7.309622042968098,8.221350526767564
82301000000,7.316194010508086,8.228751803038596
82334000000,7.322750338230703,8.236137715905091
82368000000,7.329518403833622,8.24376433190113
82401000000,7.336087294314882,8.251167472729575
82434000000,7.342656720985766,8.25857224135752
82468000000,7.349426031804654,8.266203146759599
82501000000,7.35599620842119,8.273610130568557
82534000000,7.362560263935809,8.281011074322917
82568000000,7.3693163219039475,8.288622812462208
82601000000,7.375890499252756,8.296027070360758
82634000000,7.382463752631624,8.30342976334294
82668000000,7.389224941199592,8.311046041941509
82701000000,7.395789193897439,8.318443095432828
82734000000,7.402357570885751,8.325845727388002
82768000000,7.409125719056639,8.333474490728628
82801000000,7.415695614416671,8.340880543439837
82834000000,7.422265751598818,8.348287578661632
82868000000,7.429033085182729,8.355917974522017
82901000000,7.435586172652295,8.36330378643686
82934000000,7.442158182984247,8.370706200890046
82968000000,7.448930665727619,8.378333977933597
83001000000,7.455499468944384,8.385733597791653
83034000000,7.462055915939933,8.393121812748328
83068000000,7.468823960419095,8.400750013858886
83101000000,7.475392265421322,8.4081541458365
83134000000,7.481961230644445,8.415559994793144
83168000000,7.488729888339008,8.423191811991758
83201000000,7.495299012573962,8.430599299181162
83234000000,7.501856744537522,8.437993736378269
83268000000,7.508619315573844,8.445613003468242
83301000000,7.515192319562158,8.453017248189875
83334000000,7.521763998540486,8.460419982225613
83368000000,7.528519852657395,8.468032380185276
83401000000,7.535087422329769,8.475434880343247
83434000000,7.541655367375817,8.482838723606262
83468000000,7.548422954109527,8.490468612128888
83501000000,7.55499224089964,8.497875686301455
83534000000,7.561561535340173,8.505283446140744
83568000000,7.568325021182005,8.512911209756291
83601000000,7.574879179178578,8.52029786962816
83634000000,7.581452404986302,8.527703003563525
83668000000,7.588223770236575,8.535331012246965
83701000000,7.594787054764,8.542726502571464
83734000000,7.601347551389054,8.550121660216279
83768000000,7.608113661581607,8.557749620454475
83801000000,7.61468134442626,8.565154900868096
83834000000,7.621249743449368,8.572561902704766
83868000000,7.628017570147431,8.58019461836386
83901000000,7.634585009863198,8.587602299198416
83934000000,7.641137437253806,8.594990942874746
83967000000,7.647905295840212,8.602617106693454
84001000000,7.654477406825791,8.610021996654812
84034000000,7.661046414322935,8.617424087727942
84068000000,7.66780010413418,8.625036631704878
84101000000,7.674368086252381,8.632441686569184
84134000000,7.680935049687545,8.639846697176088
84168000000,7.687701781504556,8.647477982743457
84201000000,7.694270083849263,8.654886274248408
84234000000,7.700838073274031,8.662294899896352
84268000000,7.707595051586059,8.669917097229995
84301000000,7.714155177453679,8.67731131998773
84334000000,7.720726799082904,8.68471691251286
84368000000,7.727496275898027,8.692345499848976
84401000000,7.734052743173448,8.699736406120053
84434000000,7.740616435172295,8.70713803741121
84468000000,7.747381503724169,8.71476771447157
84501000000,7.753948108265152,8.722174555622837
84534000000,7.760515419950171,8.729583077543046
84568000000,7.767281844077168,8.737217032355884
84601000000,7.773845806180579,8.744623747883194
84634000000,7.780396534891016,8.752011248152678
84668000000,7.787166399628104,8.75964223577782
84701000000,7.793736797135544,8.7670479962138
84734000000,7.800300728376311,8.774447773606836
84768000000,7.80705591703596,8.782066039809768
84801000000,7.813621224442254,8.789471527442913
84834000000,7.820186652239594,8.796878388401737
84868000000,7.826951811027526,8.804511651576469
84901000000,7.83351834564412,8.811921676519548
84934000000,7.840083878287707,8.819331616983959
84968000000,7.846833859178483,8.826948487014805
85001000000,7.853398592776992,8.834350865258882
85034000000,7.859968183463713,8.841758025743948
85068000000,7.866734125772955,8.84938738659408
85101000000,7.873285516688602,8.856777418377563
85134000000,7.879850156256718,8.864184656843827
85168000000,7.886612987099915,8.871816688274256
85201000000,7.893177446810737,8.879225967322327
85234000000,7.899742438384775,8.886636870980045
85268000000,7.906506078559642,8.894272978481167
85301000000,7.913062765072946,8.901676442009412
85334000000,7.919616107722088,8.909070745391789
85368000000,7.926383065972603,8.916704333554847
85401000000,7.932949831856018,8.924112197057049
85434000000,7.939504762116833,8.931509056891063
85468000000,7.946261416670088,8.939136598161781
85501000000,7.952822731714458,8.946545201477395
85534000000,7.959384250502757,8.953955715421731
85568000000,7.966145017666796,8.961592907524976
85601000000,7.9727067114190415,8.969006844750087
85633000000,7.9792655626065425,8.976419691704525
85668000000,7.985796891668859,8.983818933440483
85701000000,7.991661506363375,8.990544008313664
85734000000,7.997004147107826,8.99678140120064
85768000000,8.0019467255103,9.002654704242401
85801000000,8.006200579192356,9.007784615424931
85834000000,8.009932297182184,9.01232150812255
85868000000,8.013245830656835,9.01634985259146
85901000000,8.015956260563165,9.019618665129755
85934000000,8.018174108305864,9.022250993780796
85968000000,8.01994134221298,9.02429864560077
86001000000,8.021164210089006,9.025671757859788
86034000000,8.022092103425484,9.026678288993924
86068000000,8.022780065308805,9.027404943650742
86101000000,8.023177826253512,9.027817796055432
86134000000,8.023304251833377,9.027948293635683
86168000000,8.023306321158715,9.027950101096858
86201000000,8.023308479068609,9.027952305487744
86234000000,8.023310618043128,9.027954502139387
86268000000,8.023312805026327,9.027956751388755
86301000000,8.023314911255344,9.027958921679812
86334000000,8.02331700235491,9.027961076567422
86368000000,8.023319141753127,9.027963281388724
86401000000,8.023321206644464,9.027965411466209
86434000000,8.02332326192032,9.027967536181066
86468000000,8.023325369788052,9.0279697269982
86501000000,8.023327412062848,9.027971849668791
86534000000,8.023329450809973,9.027973968122447
86568000000,8.023331547359948,9.027976146255108
86601000000,8.023333578008753,9.027978255832284
86634000000,8.023335604153127,9.027980361112638
86668000000,8.023337686869343,9.027982525977004
86701000000,8.023339704065886,9.0279846215834
86734000000,8.023341717267845,9.027986711646705
86768000000,8.023343787403842,9.027988859402308
86801000000,8.02334579281682,9.027990938680675
86834000000,8.023347794552791,9.027993012877916
86868000000,8.023349853204103,9.027995144781148
86901000000,8.023351847792869,9.02799720915068
86934000000,8.023353839006981,9.027999268898098
86968000000,8.02335588714166,9.028001386387803
87001000000,8.02335787181792,9.028003437211408
87034000000,8.023359853406198,9.028005483849778
87068000000,8.02336189192037,9.02800758826992
87101000000,8.023363867536819,9.02800962682546
87134000000,8.023365840334016,9.028011661607556
87168000000,8.023367870059907,9.028013754221968
87201000000,8.023369837375574,9.02801578165606
87234000000,8.023371802085995,9.028017805662328
87268000000,8.023373823698938,9.028019887544378
87301000000,8.023375783374949,9.028021904923742
87334000000,8.02337774067813,9.028023919214686
87368000000,8.023379754883512,9.028025991459105
87401000000,8.023381707598231,9.028027999858232
87434000000,8.023383658183013,9.028030005510615
87468000000,8.02338566572293,9.028032069198472
87501000000,8.023387612193103,9.02803406967442
87534000000,8.023389556756639,9.028036067761107
87568000000,8.023391558335069,9.028038124018543
87601000000,8.023393499265193,9.028040117598277
87634000000,8.023395438518266,9.028042109113168
87668000000,8.023397434873777,9.028044158945995
87701000000,8.023399370977126,9.02804614667223
87734000000,8.023401305616515,9.02804813272147
87768000000,8.023403297407258,9.028050177358706
87801000000,8.02340522923422,9.02805216081424
87834000000,8.023407160127645,9.028054142192683
87868000000,8.023409148461088,9.028056181906775
87901000000,8.023411077156,9.028058160174162
87934000000,8.023413004869393,9.028060137369144
87968000000,8.023414990212983,9.028062173136725
88001000000,8.02341691541142,9.028064148018313
88034000000,8.023418838745544,9.02806612123658
88068000000,8.023420818923139,9.02806815263254
88101000000,8.023422739638741,9.028070122961305
88134000000,8.02342465960714,9.02807209238095
88168000000,8.023426636708146,9.028074120306236
88201000000,8.02342855452976,9.02807608723898
88234000000,8.023430471302861,9.028078052968617
88268000000,8.023432445198198,9.02808007717037
88301000000,8.023434360295916,9.02808204094292
88334000000,8.02343627482233,9.028084004002812
88368000000,8.023438246715662,9.028086025738594
88401000000,8.02344015981646,9.028087987063914
88434000000,8.023442072028807,9.02808994735208
88468000000,8.023444041763245,9.028091966438945
88501000000,8.02344595309905,9.028093925530492
88534000000,8.023447863961128,9.028095884006367
88568000000,8.023449831927582,9.028097900903749
88601000000,8.023451741137176,9.028099857449842
88634000000,8.023453649673396,9.028101813181197
88668000000,8.02345561533472,9.02810382737016
88701000000,8.023457522696049,9.028105781652728
88734000000,8.023459429372398,9.028107735121743
88768000000,8.023461393394687,9.02810974720844
88801000000,8.023463299030102,9.028111699343963
88834000000,8.023465204177604,9.028113650859687
88868000000,8.02346716662131,9.028115660921117
88901000000,8.023469071104778,9.02811761146494
88934000000,8.023470975374856,9.02811956164365
88968000000,8.023472937133114,9.02812157054344
89001000000,8.023474840987582,9.028123519999694
89034000000,8.023476744645183,9.028125469108486
89068000000,8.023478705788396,9.028127476923045
89101000000,8.02348060906029,9.028129425341367
89134000000,8.02348251214843,9.028131373426271
89168000000,8.023484472716449,9.028133380197591
89201000000,8.023486375438823,9.028135327611164
89234000000,8.023488277985477,9.028137274698452
89268000000,8.023490238004657,9.028139280450846
89301000000,8.023492140204137,9.028141226886236
89334000000,8.023494042236859,9.028143173005216
89368000000,8.023496001735166,9.028145177769506
89401000000,8.023497903436828,9.028147123254412
89434000000,8.023499804978751,9.028149068430688
89468000000,8.023501763978157,9.028151072231214
89501000000,8.023503665201638,9.02815301678742
89534000000,8.023505566270874,9.02815496104111
89568000000,8.023507524788553,9.028156963896974
89601000000,8.023509425549188,9.02815890754158
89634000000,8.02351132615985,9.028160850888446
89668000000,8.02351328420916,9.028162852814622
89701000000,8.023515184518867,9.028164795561
89734000000,8.023517084681897,9.028166738013375
89768000000,8.023519042273183,9.028168739021538
89801000000,8.023520942141149,9.02817068088011
89834000000,8.023522841864981,9.028172622447576
89868000000,8.023524799006186,9.028174622546803
89901000000,8.023526698439463,9.028176563525651
89934000000,8.023528597728031,9.028178504212471
89968000000,8.023530554409373,9.028180503391775
90001000000,8.023532453385206,9.028182443466749
90034000000,8.023534352207772,9.028184383241877
90068000000,8.023536308410543,9.028186381484982
90101000000,8.023538206923144,9.028188320652813
90134000000,8.023540105283583,9.028190259522152
90168000000,8.02354206101127,9.028192256833316
90201000000,8.023543959063664,9.028194195097743
90234000000,8.023545856964704,9.028196133064704
90268000000,8.02354781221981,9.028198129447102
90301000000,8.023549709814159,9.028200066810925
90334000000,8.023551607257707,9.028202003878029
90368000000,8.023553562041958,9.028203999333998
90401000000,8.023555459179727,9.028205935799258
90434000000,8.023557356167043,9.028207871968336
90468000000,8.023559310481557,9.028209866499568
90501000000,8.02356120716365,9.028211802067704
90534000000,8.023563103695498,9.028213737340028
90568000000,8.023565057536741,9.028215730943014
90601000000,8.023566953739644,9.028217665589846
90634000000,8.023568849771749,9.02821959992036
90668000000,8.023570803080762,9.028221592536225
90701000000,8.02357269876618,9.028223526224805
90734000000,8.023574594280873,9.028225459597314
90768000000,8.023576547056834,9.028227451226345
90801000000,8.023578442224883,9.028229383957289
90834000000,8.023580337222182,9.028231316372295
90868000000,8.02358228946502,9.028233307014926
90901000000,8.02358418411555,9.028235238788564
90934000000,8.023586078595235,9.028237170246326
90968000000,8.023588030304655,9.028239159902736
91001000000,8.02358992443732,9.028241090719185
91034000000,8.023591818398984,9.028243021219742
91068000000,8.023593769574505,9.028245009889924
91101000000,8.023595663188788,9.028246939749112
91134000000,8.023597556631874,9.028248869292364
91168000000,8.023599507272879,9.028250856976156
91201000000,8.023601400368138,9.028252785877884
91234000000,8.023603293291961,9.028254714463586
91268000000,8.023605243397713,9.0282567011607
91301000000,8.023607135973206,9.028258629104656
91334000000,8.023609028376999,9.02826055673246
91368000000,8.023610977946682,9.02826254244251
91401000000,8.023612870001585,9.0282644694283
91434000000,8.0236147618845,9.028266396097784
91468000000,8.023616710917217,9.02826838082032
91501000000,8.023618602450641,9.028270306847466
91534000000,8.023620493811775,9.028272232558146
91568000000,8.023622442306571,9.028274216292646
91601000000,8.02362433331758,9.02827614136063
91634000000,8.02362622415598,9.028278066111971
91668000000,8.023628172111865,9.02828004885786
91701000000,8.02363006259948,9.028281972966123
91734000000,8.023631952914158,9.028283896757555
91768000000,8.0236339003301,9.028285878514238
91801000000,8.023635790293312,9.028287801662186
91834000000,8.023637680083246,9.028289724493092
91868000000,8.023639626958184,9.028291705259932
91901000000,8.023641516395958,9.028293627446937
91934000000,8.023643405660104,9.02829554931669
91968000000,8.023645351992958,9.028297529093024
92001000000,8.023647240904236,9.02829945031844
92034000000,8.023649129641536,9.028301371226386
92068000000,8.0236510754312,9.02830335001154
92101000000,8.023652963814905,9.028305270274704
92134000000,8.023654852024277,9.028307190220172
92168000000,8.023656797269648,9.02830916801345
92201000000,8.023658685124703,9.028311087313678
92234000000,8.02366057280506,9.028313006295985
92268000000,8.023662517505011,9.028314983096683
92301000000,8.023664404830313,9.0283169014333
92334000000,8.02366629198056,9.028318819451773
92368000000,8.02366823613395,9.028320795259184
92401000000,8.023670122928399,9.028322712631493
92434000000,8.023672009547381,9.02832462968536
92468000000,8.02367395315247,9.028326604497831
92501000000,8.023675839413707,9.028328520903177
92534000000,8.023677725498528,9.028330436988908
92568000000,8.023679668552813,9.02833241080351
92601000000,8.023681554279156,9.028334326240188
92634000000,8.023683439828787,9.028336241357106
92668000000,8.023685382331358,9.02833821417337
92701000000,8.023687267521906,9.028340128640908
92734000000,8.023689152535416,9.02834204278852
92768000000,8.023691094485294,9.028344014605924
92801000000,8.023692979139087,9.028345928103802
92834000000,8.023694863615532,9.028347841281564
92868000000,8.023696805011722,9.028349812099536
92901000000,8.02369868912777,9.028351724627182
92934000000,8.02370057306614,9.02835363683452
92968000000,8.023702513907592,9.028355606652452
93001000000,8.023704397484872,9.028357518209258
93034000000,8.023706280884129,9.028359429445551
93068000000,8.023708221169777,9.028361398262808
93101000000,8.023710104207245,9.02836330884816
93134000000,8.023711987066342,9.02836521911279
93168000000,8.02371392679509,9.028367186928698
93201000000,8.023715809291676,9.028369096541946
93234000000,8.023717691609537,9.028371005834249
93268000000,8.023719630780274,9.028372972648132
93300000000,8.0237215127349,9.028374881288602
93334000000,8.023723394510437,9.028376789607908
93368000000,8.023725333122043,9.028378755419084
93401000000,8.023727214533611,9.028380663086104
93434000000,8.02372909576573,9.028382570431734
93468000000,8.02373103381707,9.028384535239493
93501000000,8.023732914684482,9.028386441932374
93534000000,8.023734795372077,9.028388348303642
93568000000,8.023736732862009,9.02839031210727
93601000000,8.023738613184152,9.028392217825326
93634000000,8.023740493326118,9.028394123221537
93668000000,8.023742430253494,9.028396086020315
93701000000,8.023744310029258,9.028397990762846
93734000000,8.023746189624466,9.028399895183291
93768000000,8.023748125988138,9.028401856976496
93801000000,8.023750005216398,9.028403760742783
93834000000,8.023751884263733,9.028405664186762
93868000000,8.02375382006254,9.028407624973672
93901000000,8.023755698742173,9.02840952776302
93934000000,8.023757577240504,9.028411430229824
93968000000,8.023759512473283,9.028413390009696
94001000000,8.023761390603164,9.028415291821396
94034000000,8.023763268551374,9.028417193310313
94068000000,8.023765203216968,9.028419152082424
94101000000,8.02376708079596,9.02842105291576
94134000000,8.023768958192912,9.028422953426078
94168000000,8.023770892290155,9.028424911189685
94201000000,8.023772769317134,9.028426811043945
94234000000,8.0237746461617,9.028428710574948
94268000000,8.023776579689422,9.028430667329324
94301000000,8.023778456163255,9.02843256620379
94334000000,8.023780332454301,9.02843446475477
94368000000,8.023782265411334,9.028436420499174
94401000000,8.023784141330886,9.028438318393134
94434000000,8.023786017067279,9.02844021596337
94468000000,8.023787949452464,9.028442170697067
94501000000,8.023789824816603,9.028444067609808
94534000000,8.023791699997206,9.02844596419859
94568000000,8.023793631809369,9.02844791792084
94601000000,8.023795506616954,9.028449813851642
94634000000,8.02379738124062,9.02845170945825
94668000000,8.023799312478586,9.02845366216832
94701000000,8.023801186728486,9.02845555711647
94734000000,8.0238030607941,9.028457451740184
94768000000,8.023804991456696,9.028459403437326
94801000000,8.02380686514777,9.028461297402105
94834000000,8.02380873865418,9.028463191042215
94868000000,8.023810668740241,9.028465141725691
94901000000,8.02381254187135,9.028467034706376
94934000000,8.023814414817428,9.028468927362155
94968000000,8.023816344325779,9.028470877031246
95001000000,8.023818216887843,9.02847276901776
95034000000,8.023820089253872,9.028474660668287
95068000000,8.023822018153322,9.028476609290482
95101000000,8.023823890121426,9.028478500259448
95134000000,8.023825761893372,9.028480390892632
95168000000,8.023827690180397,9.028482338466464
95201000000,8.023829561553743,9.02848422841772
95234000000,8.023831432730596,9.028486118033
95268000000,8.023833360404142,9.028488064557893
95301000000,8.023835231181705,9.028489953490862
